"ScientificName","CommonName","Designation","Type","Family","Subfamily","Tribe","Genus","Layer","LifeCycle","DeciduousEvergreen","Zone","SunShadePreference","ShadeTolerance","PerformanceRating","Fertility","Cover","HighSizeMin","HighSizeMax","WideSizeMinMeter","WideSizeMaxMeter","Flowering","Fruiting","FruitingMinYear","FruitingMaxYear","AnnualProductionMinKg","AnnualProductionMaxKg"
"CydoniaOblonga","Quince","QuinceA","Semi-Vigorous","Rosaceae","Amygdaloideae","Maleae","Cydonia","Canopy","Perennial","D","4","1","2","2","SF","0","3","5","3","5","May-June","","4","5","15","15"
"CydoniaOblonga","Quince","QuinceC","Semi-Dwarfing","Rosaceae","Amygdaloideae","Maleae","Cydonia","Canopy","Perennial","D","4","1","2","2","SF","0","2.5","4","4","4","May-June","","3","4","15","15"
"FicusCarica","FIG","","","Moraceae","","","Ficus","Canopy","Perennial","D","6","1","1","2","SF","0","3","6","2","4","","","3","4","5","15"
"MalusDomestica","Apple","M25","Vigorous","Rosaceae","","","Malus","Canopy","Perennial","D","3","1","2","4","SF-SS","0","6","8","6","6","April-May","","7","10","45","180"
"MalusDomestica","Apple","MM111","Vigorous","Rosaceae","","","Malus","Canopy","Perennial","D","3","1","2","4","SF-SS","0","6","8","6","6","April-May","","7","10","45","180"
"MalusDomestica","Apple","MM106","Semi-Vigorous","Rosaceae","","","Malus","Canopy","Perennial","D","3","1","2","4","SF-SS","0","4","5","4","5","April-May","","3","4","35","70"
"MalusDomestica","Apple","M26","Semi-Swarf","Rosaceae","","","Malus","Canopy","Perennial","D","3","1","2","4","SF-SS","0","2.5","4","3.5","3.5","April-May","","2","4","25","55"
"MespilusGermanica","Medlar","Hawthorn","Semi-Vigorous","Rosaceae","","","Mespilus","Canopy","Perennial","D","6","1","3","4","SF","0","4","6","3","5","May","","2","3","10","20"
"MespilusGermanica","Medlar","QuinceA","Semi-Vigorous","Rosaceae","","","Mespilus","Canopy","Perennial","D","6","1","3","4","SF","0","0","0","0","0","May","","2","3","10","20"
"MespilusGermanica","Medlar","QuinceC","Semi-Vigorous","Rosaceae","","","Mespilus","Canopy","Perennial","D","6","1","3","4","SF","0","0","0","0","0","May","","2","3","10","20"
"PrunusArmeniaca","Apricot","","Semi-Vigorous","Rosaceae","","","Prunus","Canopy","Perennial","D","5","1","1","2","SF","0","4","4","4","4","February-March","","4","5","5","55"
"PrunusAvium","SweetCherry","Colt","Semi-Vigorous","Rosaceae","","","Prunus","Canopy","Perennial","D","3","1","2","3","SF-SS","0","8","10","6","6","April","","3","4","5","55"
"PrunusAvium","SweetCherry","Gisela","Dwarf","Rosaceae","","","Prunus","Canopy","Perennial","D","3","1","2","3","SF-SS","0","2.5","3","2","2","April","","2","3","10","20"
"PrunusCerasus","SourCherry","Colt","Semi-Vigorous","Rosaceae","","","Prunus","Canopy","Perennial","D","3","1","3","3","SF","0","3.5","3.5","3.5","3.5","April-May","","3","4","5","18"
"PrunusCerasus","SourCherry","Gisela","Dwarf","Rosaceae","","","Prunus","Canopy","Perennial","D","3","1","3","3","SF","0","2","2","1.5","1.5","April-May","","2","3","3","8"
"Prunusdomestica&P.insititia","Plums","Myrobalan","Vigorous","Rosaceae","","","Prunus","Canopy","Perennial","D","5","1","2","4","SF-SS","0","6","7","6","7","April","","5","6","65","65"
"Prunusdomestica&P.insititia","Plums","StJulienA","Semi-Vigorous","Rosaceae","","","Prunus","Canopy","Perennial","D","5","1","2","4","SF-SS","0","3.5","4.5","3.5","4.5","April","","3","5","40","50"
"Prunusdomestica&P.insititia","Plums","Pixy","Semi-Dwarf","Rosaceae","","","Prunus","Canopy","Perennial","D","5","1","2","4","SF-SS","0","2.7","3.5","2.7","3.5","April","","2","3","15","30"
"PrunusPersica","Peach&Nectarine","","","Rosaceae","","","Prunus","Canopy","Perennial","D","4","1","1","2","SF","0","3","5","3","5","Early","","2","3","9","36"
"PrunusSalicina","JapanesePlum","StJulienA","","Rosaceae","","","Pyrus","Canopy","Perennial","D","3","1","2","3","SS-SF","0","3","5","3","5","Early","","3","4","15","40"
"PyrusCommunis","EuropeanPear","Pear","Very-Vigorous","Rosaceae","","","Pyrus","Canopy","Perennial","D","4","1","2","3","SS-SF","0","8","20","8","8","April","","10","10","35","100"
"PyrusCommunis","EuropeanPear","Pyrodwarf","Semi-Vigorous","Rosaceae","","","Pyrus","Canopy","Perennial","D","4","1","2","3","SS-SF","0","4","6","4","6","April","","10","10","35","100"
"PyrusCommunis","EuropeanPear","QuinceA","Semi-Vigorous","Rosaceae","","","Pyrus","Canopy","Perennial","D","4","1","2","3","SS-SF","0","3","5","4.5","4.5","April","","4","5","15","45"
"PyrusCommunis","EuropeanPear","QuinceC","Semi-Dwarf","Rosaceae","","","Pyrus","Canopy","Perennial","D","4","1","2","3","SS-SF","0","2.5","4","4","4","April","","3","4","15","45"
"AmelanchierLamarckii","Juneberry","","","Rosaceae","","","Amelanchier","Canopy","Perennial","D","4","1","2","3","SF","0","5","6","3","4","April-May","July","2","3","0","0"
"ArbutusUnedo","StrawberryTree","","","Ericaceae","","","Arbutus","Canopy","Perennial","E","7","1","2","2","SF","0","6","8","6","8","October-November","","2","4","0","0"
"AsiminaTriloba","PawPaw","","","Annonaceae","","","Asimina","Canopy","Perennial","D","5","1","2","3","SS","0","6","6","6","6","May-June","","0","0","0","0"
"CornusCapitata","Bentham'sCornel","C.Capitata","","Cornaceae","","","Cornus","Canopy","Perennial","D","5-7","2","3","3","SF","0","4","6","3","5","June","November-December","0","0","0","0"
"CornusCapitata","Bentham'sCornel","C.Kouse","","Cornaceae","","","Cornus","Canopy","Perennial","D","5-7","2","3","3","SF","0","4","6","3","5","June","November-December","0","0","0","0"
"CornusCapitata","Bentham'sCornel","C.Mas","","Cornaceae","","","Cornus","Canopy","Perennial","D","5-7","2","3","3","SF","0","4","6","3","5","February","July-September","0","0","0","0"
"CrataegusEllwangeriana","Hawthorn","","","Rosaceae","","","Crataegus","Canopy","Perennial","D","5","1","3","4","SF","0","4","6","3","4","March-April","September-October","2","4","0","0"
"DecaisneaFargesii","BlueBean","","","Lardizabalaceae","","","Decaisnea","Canopy","Perennial","D","5","1","2","3","SF","0","4","6","2","4","June-July","","3","4","0","0"
"Diospyrosspp.","Persimmons","D.Kaki","","Ebenaceae","","","Diospyros","Canopy","Perennial","D","5-6","1","1","2","SS","0","4","6","4","6","June-September","","3","6","0","0"
"Diospyrosspp.","Persimmons","D.Lotus","","Ebenaceae","","","Diospyros","Canopy","Perennial","D","5-6","1","1","2","SS","0","10","10","6","6","June-September","","3","6","0","0"
"Diospyrosspp.","Persimmons","D.Virginiana","","Ebenaceae","","","Diospyros","Canopy","Perennial","D","5-6","1","1","2","SS","0","15","15","8","8","June-September","","3","6","0","0"
"ElaeagnusxEbbingei","","","","Elaeagnaceae","","","Elaeagnus","Canopy","Perennial","E","6","1","4","3","SS","0","4","4","4","4","October-November","March-May","1","1","0","0"
"ElaeagnusUmbellata","AutomnOlive","","","Elaeagnaceae","","","Elaeagnus","Canopy","Perennial","D","3","1","2","4","SS","0","5","5","5","5","March-April","September-October","2","3","0","0"
"HalesiaCarolina","SnowbellTree","","","Styracaceae","","","Halesia","Canopy","Perennial","D","5","1","2","4","SF","0","3","4","3","4","April-May","June","3","4","0","0"
"Hippophaespp.","SeaBuckthorns","H.Rhamnoides","","Elaeagnaceae","","","Hippophae","Canopy","Perennial","D","5-7","1","2","4","M-F","0","3","4","5","5","March-April","","2","3","0","0"
"Hippophaespp.","SeaBuckthorns","H.Salicifolia","","Elaeagnaceae","","","Hippophae","Canopy","Perennial","D","5-7","1","2","4","M-F","0","10","10","6","8","March-April","","2","3","0","0"
"Morusspp.","Mulberries","","","Moraceae","","","Morus","Canopy","Perennial","D","5","1","2","3","SF","0","5","10","5","10","Mai-June","","2","15","0","0"
"PrunusCerasifera","CherryPlum&Mirabelle","Myrobalan","Vigorous","Rosaceae","","","Prunus","Canopy","Perennial","D","4","1","2","3","SS","0","6","7","6","7","March-April","","3","4","0","0"
"PrunusCerasifera","CherryPlum&Mirabelle","StJulienA","Semi-Vigorous","Rosaceae","","","Prunus","Canopy","Perennial","D","4","1","3","3","SS","0","3.5","4.5","3.5","4.5","March-April","","3","4","0","0"
"PrunusSpinosa","Blackthorn-Sloe","","","Rosaceae","","","Prunus","Canopy","Perennial","D","4","1","2","3","SS","0","2","4","2","4","March-April","","3","4","0","0"
"SambucusNigra","EuropeanElder","","","Adoxaceae","","","Sambucus","Canopy","Perennial","D","5","1","3","3","SF","0","4","6","4","6","May-June","August-September","2","2","0","0"
"Sorbusspp.","Rowans,Whitebeams&ServiceTrees","S.Devoniensis","","Rosaceae","Amygdaloideae","Maleae","Sorbus","Canopy","Perennial","D","6","1","2","3","SF","0","6","6","4","4","March-April","September-December","3","5","0","0"
"Sorbusspp.","Rowans,Whitebeams&ServiceTrees","S.Domestica","","Rosaceae","Amygdaloideae","Maleae","Sorbus","Canopy","Perennial","D","6","1","2","3","SF","0","10","10","6","6","March-April","September-December","3","5","0","0"
"Sorbusspp.","Rowans,Whitebeams&ServiceTrees","S.Thibetica","","Rosaceae","Amygdaloideae","Maleae","Sorbus","Canopy","Perennial","D","6","1","2","3","SF","0","10","15","10","15","March-April","September-December","3","5","0","0"
"AraucariaAraucana","MonkeyPuzzle","","","Araucariaceae","","","Araucaria","Canopy","Perennial","E","6","1","1","2","M-F","0","20","20","5","5","June-August","September-December","25","25","0","0"
"CaraganaArborescens","SiberiaPeaTree","","","Fabaceae","","","Caragana","Canopy","Perennial","D","2","1","1","2","SF","0","2","6","2","4","Mai","","3","5","0","0"
"Caryaspp.","Hickories-Pecan","Caryillinoinensis","","Juglandaceae","Juglandoideae","Juglandeae","Carya","Canopy","Perennial","D","5","1","2","2","SS","0","6","6","6","6","June-July","","5","10","0","0"
"Caryaspp.","Hickories-Pecan","C.laciniosa","","Juglandaceae","Juglandoideae","Juglandeae","Carya","Canopy","Perennial","D","5","1","2","2","SS","0","15","20","15","20","June-July","","5","10","0","0"
"Caryaspp.","Hickories-Pecan","C.ovata","","Juglandaceae","Juglandoideae","Juglandeae","Carya","Canopy","Perennial","D","5","1","2","2","SS","0","15","20","15","20","June-July","","5","10","0","0"
"CastaneaSativaXCrenata","HybridSweetChestnut","","","Fagaceae","","","Castanea","Canopy","Perennial","D","5","1","2","4","SS","0","15","20","10","15","August","September-November","3","4","25","50"
"Corylusspp.","Hazels","","","Betulaceae","Coryloideae","","Corylus","Canopy","Perennial","D","4-5","1","4","3","SF","0","5","6","5","6","February-March","September","2","3","5","5"
"GinkgoBiloba","MaidenhairTree","","","Ginkgoaceae","","","Ginkgo","Canopy","Perennial","D","4","1","2","1","M-F","0","15","25","4","6","June-August","","20","20","0","0"
"JuglansAilantifoliaVar.Cordiformis","Heartnut","","","Juglandaceae","","","Juglans","Canopy","Perennial","D","4","1","2","3","SS","0","15","15","15","15","March-April","","4","8","0","0"
"JuglansNigra","BlackWalnut","","","Juglandaceae","Juglandoideae","Juglandeae","Juglans","Canopy","Perennial","D","4","1","2","2","SS","0","20","20","20","20","March-April","","4","8","0","0"
"JuglansRegia","Walnut","","","Juglandaceae","Juglandoideae","Juglandeae","Juglans","Canopy","Perennial","D","4","1","2","3","SS","0","20","20","15","15","May-June","","4","5","0","0"
"Pinusspp.","Pines","Pinons","","Pinaceae","Pinoideae","","Pinus","Canopy","Perennial","E","5-7","1","1","2","SF","0","3","5","3","5","June-August","","8","10","0","0"
"Pinusspp.","Pines","Stone","","Pinaceae","Pinoideae","","Pinus","Canopy","Perennial","E","5-7","1","1","2","SF","0","20","20","10","10","June-August","","8","10","0","0"
"PrunusDulcis","Almond","","","Rosaceae","","","Prunus","Canopy","Perennial","D","6","1","1","2","SF-SS","0","5","6","5","6","March","October","3","4","0","0"
"Quercusspp.","Oaks","","","Fagaceae","","","Quercus","Canopy","Perennial","D-E","3-7","1","3","2","SF","0","20","30","20","30","May-June","","3","5","0","0"
"Tiliaspp.","Limes-Lindens","","","Malvaceae","Tilioideae","","Tilia","Canopy","Perennial","D","2-5","1","4","4","SF","0","4","4","4","4","","","0","0","0","0"
"ToonaSinensis","ChineseCedar","","","Meliaceae","","","Toona","Canopy","Perennial","D","5","1","1","2","SF","0","15","15","10","10","","","0","0","0","0"
"Zanthoxylumspp.","PepperTrees","","","Rutaceae","Rutoideae","","Zanthoxylum","Canopy","Perennial","D","6","1","2","4","SF","0","3","4","3","4","May-June","","3","4","1.5","1.5"
"Acerspp..Maples&Betulaspp.","Birches","","","","","","","Canopy","Perennial","D","3-5","1","2","3","SF","0","15","25","15","25","","","0","0","0","0"
"Rhusspp.","Sumachs","Rhusgalabra","SmoothSumach","Anacardiaceae","Anacardioideae","","Rhus","Canopy","Perennial","D","2","1","2","3","SF","0","3","3","3","3","June-August","September-December","0","0","0","0"
"Rhusspp.","Sumachs","RhusTyphina","Stag'sHornSumach","Anacardiaceae","Anacardioideae","","Rhus","Canopy","Perennial","D","2","1","2","3","SF","0","3","4","3","4","June-August","September-December","0","0","0","0"
"Eucalyptusspp.","Eucalyptus","","","Myrtaceae","Myrtoideae","","Eucalyptus","Canopy","Perennial","E","7-8","1","1","2","SF","0","4","4","1.5","1.5","","","0","0","0","0"
"Acaciaspp.","Wattles","","","Fabaceae","","Acacieae","Acacia","Canopy","Perennial","E","8","1","1","2","SF","0","10","10","5","5","","","0","0","0","0"
"Alnusspp.","Alders","AlnusCordata","ItalianAlder","Betulaceae","Betuloideae","","Alnus","Canopy","Perennial","D","3-6","1","2","4","SF","0","20","20","6","6","","","0","0","0","0"
"Alnusspp.","Alders","AlnusGlutinosa","EuropeanAlder","Betulaceae","Betuloideae","","Alnus","Canopy","Perennial","D","3-6","1","2","4","SF","0","20","20","15","15","","","0","0","0","0"
"Alnusspp.","Alders","AlnusRubra","RedAlder","Betulaceae","Betuloideae","","Alnus","Canopy","Perennial","D","3-6","1","2","4","SF","0","30","30","6","6","","","0","0","0","0"
"Alnusspp.","Alders","AlnusSinuata","SitkaAlder","Betulaceae","Betuloideae","","Alnus","Canopy","Perennial","D","3-6","1","2","4","SF","0","10","10","4","4","","","0","0","0","0"
"Cercisspp.","Redbuds&JudasTree","","","Fabaceae","Cercidoideae","","Cercis","Canopy","Perennial","D","6-7","1","1","2","SF","0","5","5","5","5","","","0","0","0","0"
"Elaeagnusspp.","Elaeagnus","ElaeagnusAugustifolia","Oleaster","Elaeagnaceae","","","Elaeagnus","Canopy","Perennial","D","3","1","2","4","SS","0","7","7","3","3","","","0","0","0","0"
"Elaeagnusspp.","Elaeagnus","ElaeagnusCommutata","Silverberry","Elaeagnaceae","","","Elaeagnus","Canopy","Perennial","D","3","1","2","4","SS","0","4","5","3","4","","","0","0","0","0"
"Elaeagnusspp.","Elaeagnus","ElaeagnusUmbellata","AutumnOlive","Elaeagnaceae","","","Elaeagnus","Canopy","Perennial","D","3","1","2","4","SS","0","4","6","4","6","","","0","0","0","0"
"Elaeagnusspp.","Elaeagnus","ElaeagnusGlabara","","Elaeagnaceae","","","Elaeagnus","Canopy","Perennial","E","6","1","4","4","SS","0","3","4","3","4","","","0","0","0","0"
"Elaeagnusspp.","Elaeagnus","ElaeagnusPungens","","Elaeagnaceae","","","Elaeagnus","Canopy","Perennial","E","6","1","4","4","SS","0","3","4","2","3","","","0","0","0","0"
"Elaeagnusspp.","Elaeagnus","ElaeagnusXEbbingei","","Elaeagnaceae","","","Elaeagnus","Canopy","Perennial","E","6","1","4","4","SS","0","3","4","3","4","","","0","0","0","0"
"MaackiaAmurensis","AmurMaackia","","","Fabaceae","Faboideae","Sophoreae","Maackia","Canopy","Perennial","D","4","1","1","2","SF","0","10","15","7","10","","","0","0","0","0"
"Myricaspp.","Bayberries-WaxMyrtles","","","Myricaceae","","","Myrica","Canopy","Perennial","D-E","6-8","1","2","4","SF","0","4","8","2","3","","","0","0","0","0"
"RobiniaPseudoacacia","BloackLocust-FalseAcacia","","","Fabaceae","","","Robinia","Canopy","Perennial","D","3","1","2","3","SF","0","25","25","15","15","","","0","0","0","0"
"ShepherdiaArgentea","BuffaloBerry","","","Elaeagnaceae","","","Shepherdia","Canopy","Perennial","D","2","1","2","1","SS","0","4","6","4","6","","","0","0","0","0"
"RibesXCUlverwellii","Jostaberry","","","","","","","Shrub","Perennial","D","5","1","3","4","SF","0","1.5","3","1","2","March-May","July-August","-1","-1","0","0"
"RibesDivaricatum","Worcesterberry","","","Grossulariaceae","","","Ribes","Shrub","Perennial","D","4","1","3","4","SF","0","2","3","1.5","1.5","March-May","July-August","-1","-1","0","0"
"RibesNigrum","Blackcurrant","","","Grossulariaceae","","","Ribes","Shrub","Perennial","D","5","1","2","4","SF","0","2","2","1","1","April-May","June-September","-1","-1","0","0"
"RibesRubrum","Redcurrant-Whitecurrant","","","Grossulariaceae","","","Ribes","Shrub","Perennial","D","6","1","4","4","SF","0","2","2","1","1","March-May","June-September","-1","-1","0","0"
"RibesUva-Crispa","Gooseberry","","","Grossulariaceae","","","Ribes","Shrub","Perennial","D","5","1","3","4","SF","0","1","1.5","1","1.5","March-May","June-August","-1","-1","0","0"
"RubusFruticosus","Blackberry","","","Grossulariaceae","","","Ribes","Shrub","Perennial","D","6","1","4","4","SF","0","2","4","2","4","March-May","August-October","-1","-1","0","0"
"RubusIdaeus","Raspberry","","","Grossulariaceae","","","Ribes","Shrub","Perennial","D","3","1","3","4","SF","0","2","2","2","2","March-May","June-November","-1","-1","0","0"
"RubusPhoenicolasius","JapaneseWineberry","","","Rosaceae","","","Rubus","Shrub","Perennial","D","5","1","3","4","SF","0","1.5","2","2","2","March-May","July-September","-1","-1","0","0"
"VacciniumAaustrale&V.Corymbosum","NorthernBlueberries","","","Ericaceae","Vaccinioideae","Vaccinieae","Vaccinium","Shrub","Perennial","D-E","2-6","1","2","4","SF","0","1","1.5","1","1.5","March-May","June-September","-1","-1","0","0"
"VacciniumAshei&V.Darrowii","SouthernBlueberries","","","Ericaceae","Vaccinioideae","Vaccinieae","Vaccinium","Shrub","Perennial","E","6-9","1","2","4","SF","0","1","1.5","1","1.5","March-May","June-September","-1","-1","0","0"
"AmelanchierAlnifolia","Saskaoon","","","Rosaceae","","","Amelanchier","Shrub","Perennial","D","4","1","2","3","SF","0","2","3","2","2","March-May","July","2","3","0","0"
"Aroniaspp.","Chokeberries-AroniaBerries","AroniaArbutifolia","","Rosaceae","Amygdaloideae","Maleae","Aronia","Shrub","Perennial","D","4","1","3","4","SF","0","3","3","1.5","1.5","May-June","August-September","2","3","0","0"
"Aroniaspp.","Chokeberries-AroniaBerries","AroniaMelanocarpa","","Rosaceae","Amygdaloideae","Maleae","Aronia","Shrub","Perennial","D","4","1","3","4","SF","0","2","2","3","3","May-June","August-September","2","3","0","0"
"Aroniaspp.","Chokeberries-AroniaBerries","AroniaPrunifolia","","Rosaceae","Amygdaloideae","Maleae","Aronia","Shrub","Perennial","D","4","1","3","4","SF","0","3","3","2.5","2.5","May-June","August-September","2","3","0","0"
"Berberisspp.","Barberries","","","Berberidaceae","","","Berberis","Shrub","Perennial","D-E","6","1","3","3","SF","0","3","3","2","2","May-July","August-December","-1","-1","0","0"
"Cephalotaxusspp.","PlumYews","","","Rosaceae","Amygdaloideae","Maleae","Chaenomeles","Shrub","Perennial","E","6","2","4","4","M-F","0","3","5","3","5","May","October-November","4","5","0","0"
"Chaenomelesspp.","FloweringQuinces","C.XCalifornica","","Rosaceae","Amygdaloideae","Maleae","Chaenomeles","Shrub","Perennial","D","5","1","3","4","SF","0","1.8","1.8","1.8","1.8","March-May","October-November","-1","-1","0","0"
"Chaenomelesspp.","FloweringQuinces","C.Cathayensis","","Rosaceae","Amygdaloideae","Maleae","Chaenomeles","Shrub","Perennial","D","5","1","3","4","SF","0","3","3","3","3","March-May","October-November","-1","-1","0","0"
"Chaenomelesspp.","FloweringQuinces","C.Japonica","","Rosaceae","Amygdaloideae","Maleae","Chaenomeles","Shrub","Perennial","D","5","1","3","4","SF","0","1","1","2","2","March-May","October-November","-1","-1","0","0"
"Chaenomelesspp.","FloweringQuinces","C.Speciosa","","Rosaceae","Amygdaloideae","Maleae","Chaenomeles","Shrub","Perennial","D","5","1","3","4","SF","0","3","3","5","5","March-May","October-November","-1","-1","0","0"
"Chaenomelesspp.","FloweringQuinces","C.XSuperba","","Rosaceae","Amygdaloideae","Maleae","Chaenomeles","Shrub","Perennial","D","5","1","3","4","SF","0","1.5","1.5","2","2","March-May","October-November","-1","-1","0","0"
"ElaeagnusMultiflora","Goumi","","","Elaeagnaceae","","","Elaeagnus","Shrub","Perennial","D","6","1","3","4","SF-SS","0","2","3","2","3","March-May","","3","4","0","0"
"Fuchsiaspp.","Fuchsias","","","Onagraceae","Onagroideae","Circaeeae","Fuchsia","Shrub","Perennial","E","8","1","2","3","SF","0","1","3","1","3","June-August","September-December","-1","-1","0","0"
"GaultheriaShallon","Salal-Shallon","","","Ericaceae","","","Gaultheria","Shrub","Perennial","E","6","1","4","4","SF","0","1.2","1.2","1.5","1.5","June-July","August-September","2","3","0","0"
"JuniperusCommunis","Juniper","","","Cupressaceae","","","Juniperus","Shrub","Perennial","E","3","1","2","2","M-F","0","1","5","1","5","June-August","September-December","2","3","0","0"
"LoniceraCaerulea","BlueHoneysuckle-Honeyberry","","","Caprifoliaceae","","","Lonicera","Shrub","Perennial","D","2","1","3","2","SS","0","1.5","1.5","1.5","1.5","March-April","June-September","-1","-1","0","0"
"LyciumBarbarum","GojiBerry","","","Solanaceae","","","Lycium","Shrub","Perennial","D","6","1","3","3","SF","0","2","3","2","3","June-August","September-December","-1","-1","0","0"
"Mahoniaspp.","OregonGrapes","M.Aquifolium","","Berberidaceae","","","Mahonia","Shrub","Perennial","E","5","1","4","3","SF","0","1.5","1.5","1","1","February-March","June-September","-1","-1","0","0"
"Mahoniaspp.","OregonGrapes","M.Nervosa","","Berberidaceae","","","Mahonia","Shrub","Perennial","E","5","1","4","3","SF","0","1","1","1","1","February-March","June-September","-1","-1","0","0"
"Mahoniaspp.","OregonGrapes","M:Repens","","Berberidaceae","","","Mahonia","Shrub","Perennial","E","5","1","4","3","SF","0","1","1","1","1","February-March","June-September","-1","-1","0","0"
"MyrtusUgni","ChileanGuava","","","Myrtaceae","","","Ugni","Shrub","Perennial","E","8","1","2","2","SF","0","1","2.5","1","2.5","May-June","November-December","-1","-1","0","0"
"PoncirusTrifoliata","TrifoliateOrange","","","Rutaceae","Aurantioideae","Citreae","Citrus","Shrub","Perennial","D","5","1","2","2","SF","0","2","3","2","3","June-July","","0","0","0","0"
"PrunusTomentosa","NankingCherry","","","Rosaceae","","","Prunus","Shrub","Perennial","D","2","1","2","2","PSF","0","1.5","2.5","1.5","2.5","March-April","August-September","-1","-1","0","0"
"RibesOdoratum","BuffaloCurrant","","","Grossulariaceae","","","Ribes","Shrub","Perennial","D","3","1","2","3","SF","0","1","1.5","1","1.5","March-April","July-August","-1","-1","0","0"
"Rosaspp.","Roses","","","Rosaceae","Rosoideae","Roseae","Rosa","Shrub","Perennial","D","2","1","2","4","SF","0","1.5","2","1.5","2","May-September","","-1","-1","0","0"
"SambucusRacemosa","RedElder","","","Adoxaceae","","","Sambucus","Shrub","Perennial","D","4","1","3","3","SF","0","3","3","3","3","April-May","June-September","-1","-1","0","0"
"VacciniumArctostaphylos","CaucasianWhortleberry","","","Ericaceae","","","Vaccinium","Shrub","Perennial","D","6","1","3","4","SF","0","3","3","2","2","March-April","June-September","-1","-1","0","0"
"ViburnumOpulusVar.AmericanumV.Trilobum","HighbushCranberry","","","Adoxaceae","","","Viburnum","Shrub","Perennial","D","2","1","3","3","SF","0","3","3","3","3","June-July","September-December","-1","-1","0","0"
"PleioblastusSimonii","RipeningBambooGrainFromSimonBamboo","","","Poaceae","Bambusoideae","Arundinarieae","Pleioblastus","Shrub","Perennial","D","5","1","3","2","SS","0","2","4","2","4","June-August","September-December","-1","-1","0","0"
"Staphyleaspp.","EuropeanBladdernut","StaphyleaPinnata","","Staphyleaceae","","","Staphylea","Shrub","Perennial","D","5","1","3","2","SF","0","2","3","2","3","May-June","September-December","-1","-1","0","0"
"Staphyleaspp.","AmericanBladdernut","StaphyleaPinnata","","Staphyleaceae","","","Staphylea","Shrub","Perennial","D","5","1","3","2","SF","0","3","5","3","5","May-June","September-December","-1","-1","0","0"
"XanthocerasSorbifolium","Yellowhorn","","","Sapindaceae","Xanthoceroideae","","Xanthoceras","Shrub","Perennial","D","4","1","2","2","SF","0","2","3","2","3","April-May","","-1","-1","0","0"
"Atriplexspp.","Four-WingSaltbush","","","Amaranthaceae","Chenopodioideae","Atripliceae","Atriplex","Shrub","Perennial","E","7","1","1","2","SF","0","2","2","2","2","","","0","0","0","0"
"Atriplexspp.","Four-WingSaltbush","","","Amaranthaceae","Chenopodioideae","Atripliceae","Atriplex","Shrub","Perennial","E","7","1","1","2","SF","0","1.5","1.5","1.5","1.5","","","0","0","0","0"
"FagusSylvatica","Beech","","","Fagaceae","","","Fagus","Shrub","Perennial","D","5","1","4","4","SF","0","2","3","2","3","","","0","0","0","0"
"Calycanthusspp.","AmericanAllspice","","","Calycanthaceae","","","Calycanthus","Shrub","Perennial","D","5-7","1","2","3","SF","0","2.5","3","2.5","3","","","0","0","0","0"
"DrimysLanceolata","MountainPepper","","","Winteraceae","","","Tasmannia","Shrub","Perennial","E","8","1","3","2","M-F","0","4","4","2.5","2.5","March-May","September-December","-1","-1","0","0"
"Myricaspp.","BogMyrtle-NorthernBayberry","M.Gale","","Myricaceae","","","Myrica","Shrub","Perennial","D","2","1","2","4","SF","0","1","2","1","2","March-May","September-December","-1","-1","0","0"
"Myricaspp.","BogMyrtle-NorthernBayberry","M.Pensylvanica","","Myricaceae","","","Myrica","Shrub","Perennial","D","2","1","2","4","SF","0","2","2","2","2","March-May","September-December","-1","-1","0","0"
"MyrtusCommunis","Myrtle","","","Myrtaceae","","","Myrtus","Shrub","Perennial","E","8","1","1","1","SF","0","0.6","2","0.6","2","","","0","0","0","0"
"RosmarinusOfficinalis","Rosemary","","","Lamiaceae","","","Salvia","Shrub","Perennial","E","7","1","1","2","SF","0","1.2","1.2","1.2","1.2","","","0","0","0","0"
"SalviaOfficinalis","Sage","","","Lamiaceae","","","Salvia","Shrub","Perennial","E","5","1","2","3","SF","0","0.6","0.6","1","1","","","0","0","0","0"
"VitexAgnus-Castus","ChasteTree","","","Lamiaceae","","","Vitex","Shrub","Perennial","D","7","1","1","1","SF","0","3","3","3","3","","","0","0","0","0"
"ZanthoxylumPiperitum","JapanesePepper-Sansho","","","Rutaceae","","","Zanthoxylum","Shrub","Perennial","D","6","1","2","4","SF","0","2","2","2","2","June-July","September-December","-1","-1","0","0"
"Bamboos","","","","Poaceae","Bambusoideae","","","Shrub","Perennial","E","6","1","3","4","SF","0","3","8","3","8","","","0","0","0","0"
"CeanothusAmericanus","NewJerseyTea","","","Rhamnaceae","","","Ceanothus","Shrub","Perennial","D","5","1","2","4","SF","0","1.2","1.2","1.2","1.2","June-August","","0","0","0","0"
"RhusAromatica","LemonadeBush","","","Anacardiaceae","","","Rhus","Shrub","Perennial","D","2","1","2","3","SF","0","1","1.5","1","1.5","May-June","August-December","-1","-1","0","0"
"SambucusCanadensis","AmericanElder","","","Adoxaceae","","","Sambucus","Shrub","Perennial","D","3","1","3","4","SS","0","2.5","3","2.5","3","July-November","September-December","-1","-1","0","0"
"GarryaElliptica&G.Fremontii","FeverBush-QuinineBush","","","Garryaceae","","","Garrya","Shrub","Perennial","E","7","1","3","2","SF","0","4","4","4","4","","","0","0","0","0"
"Lavandula.Spp.","Lavender","","","Lamiaceae","Nepetoideae","Ocimeae","Lavandula","Shrub","Perennial","D","5","1","1","2","SF","0","0.6","0.9","0.75","0.75","","","0","0","0","0"
"CordylineAustralis","CabbagePalm","","","Asparagaceae","Lomandroideae","","Cordyline","Shrub","Perennial","E","8","1","2","2","SF","0","3","5","1","1","","","0","0","0","0"
"PhormiumTenax","NewZealandFlax","","","Asphodelaceae","Hemerocallidoideae","","Phormium","Shrub","Perennial","E","7","1","4","4","SF","0","2.5","2.5","4","4","July","","0","0","0","0"
"CornusStolonifera","RedOsier","","","Cornaceae","","","Cornus","Shrub","Perennial","D","2","1","3","3","SF","0","2","2","4","4","","","0","0","0","0"
"Salixspp.","Willows","S.Purpurea","PurpleWillow","Salicaceae","Salicoideae","Saliceae","Salix","Shrub","Perennial","D","4","1","2","4","SF","0","2","2","2","2","","","0","0","0","0"
"Salixspp.","Willows","S.Triandra","Almond-LeavedWillow","Salicaceae","Salicoideae","Saliceae","Salix","Shrub","Perennial","D","4","1","2","4","SF","0","2.5","2.5","2.5","2.5","","","0","0","0","0"
"Salixspp.","Willows","S.Viminalis","Osier","Salicaceae","Salicoideae","Saliceae","Salix","Shrub","Perennial","D","4","1","2","4","SF","0","4","4","4","4","","","0","0","0","0"
"Symphoricarposspp.","Snowberries","S.Albus","Snowberry","Caprifoliaceae","Caprifolioideae","","Symphoricarpos","Shrub","Perennial","D","3","1","4","3","SF","0","2","2","2","2","","","0","0","0","0"
"Symphoricarposspp.","Snowberries","S.XChenaultii","ChenaultCoralberry","Caprifoliaceae","Caprifolioideae","","Symphoricarpos","Shrub","Perennial","D","3","1","4","3","SF","0","2","2","2","2","","","0","0","0","0"
"Symphoricarposspp.","Snowberries","S.Orbiculatus","Coral-Berry","Caprifoliaceae","Caprifolioideae","","Symphoricarpos","Shrub","Perennial","D","3","1","4","3","SF","0","2","2","2","2","","","0","0","0","0"
"CytisusScoparius","Broom","","","Fabaceae","","","Cytisus","Shrub","Perennial","D","5","1","3","4","SF","0","2.5","2.5","1","1","June-August","","0","0","0","0"
"GenistaTinctoria","Dyer'sGreenweed","","","Fabaceae","","","Genista","Shrub","Perennial","D","2","1","2","2","SF","0","0.9","0.9","0.9","0.9","June-August","","0","0","0","0"
"Philadelphusspp.","MockOrange","","","Hydrangeaceae","Hydrangeoideae","Philadelpheae","Philadelphus","Shrub","Perennial","D","5","1","2","3","SF","0","3","3","3","3","June-August","","0","0","0","0"
"AlnusViridis","GreenAlder","","","Betulaceae","","","Alnus","Shrub","Perennial","D","4","1","3","4","SF","0","2.5","3","2.5","3","","","0","0","0","0"
"AmorphaFruticosa","FalseIndigo","","","Fabaceae","Faboideae","","Amorpha","Shrub","Perennial","D","4","1","2","4","SF","0","2.5","5","2.5","5","","","0","0","0","0"
"LespedezaBicolor","BushClover","","","Fabaceae","","","Lespedeza","Shrub","Perennial","D","5","1","2","3","SF","0","2.5","2.5","2.5","2.5","","","0","0","0","0"
"LupinusArboreus","TreeLupin","","","Fabaceae","","","Lupinus","Shrub","Perennial","E","8","1","2","2","SF","0","2","2","2","2","","","0","0","0","0"
"ShepherdiaCanadensis","RussetBuffaloBerry","","","Elaeagnaceae","","","Shepherdia","Shrub","Perennial","D","2","1","2","1","SS","0","2.5","2.5","2.5","2.5","","","0","0","0","0"
"CornusCanadensis","CreepingDogwood","","","Cornaceae","","","Cornus","","Perennial","D","2","2","4","2","SF","3","0.15","0.2","0.15","0.2","June","August","-1","-1","0","0"
"Fragariaspp.","Strawberries","","","Rosaceae","Rosoideae","Potentilleae","Fragaria","","Perennial","D-E","3-6","1","3","4","SF","2-3","0.15","0.25","0.15","0.25","April","June","-1","-1","0","0"
"GaultheriaProcumbens","Wintergreen","","","Ericaceae","","","Gaultheria","","Perennial","E","4","2","4","2","SF","2","0.2","0.2","0.2","0.2","July-August","October-December","-1","-1","0","0"
"Rubus","GroundcoverRaspberry","","","Rosaceae","Rosoideae","Rubeae","Rubus","","Perennial","E","6","1","3","3","SS","4","0.45","0.45","0.45","0.45","June-July","July-September","-1","-1","0","0"
"RubusNepalensis","NepaleseRasspberry-GroundcoverRaspberry","","","Rosaceae","Rosoideae","Rubeae","Rubus","","Perennial","E","7","2","5","4","SS","4","0.3","0.3","0.3","0.3","June-July","August-September","-1","-1","0","0"
"RubusPentalobus","CreepingBramble","","","Rosaceae","Rosoideae","Rubeae","Rubus","","Perennial","E","7","1","3","3","SF","3","0.1","0.1","0.1","0.1","June-July","July-August","-1","-1","0","0"
"RubusTricolor","ChineseBramble-GroundcoverRaspberry","","","Rosaceae","Rosoideae","Rubeae","Rubus","","Perennial","E","6","2","5","4","SS","4","0.6","0.6","0.6","0.6","June-July","July-September","-1","-1","0","0"
"VacciniumMacrocarpon","AmericanCranberry-EuropeanCranberry","","","Ericaceae","","","Vaccinium","","Perennial","E","2","1","2","1","SF","1","0.2","0.2","0.2","0.2","June-August","August-October","-1","-1","0","0"
"VacciniumVitis-Idaea","Lingonberry-Cowberry","","","Ericaceae","","","Vaccinium","","Perennial","E","5","1","2","2","SF","3","0.25","0.5","0.25","0.5","May-June","August-October","-1","-1","0","0"
"AegopodiumPodagraria","GroundElder","","","Apiaceae","","","Aegopodium","","Perennial","D","5","1","4","2","SF","3","0.3","0.6","0.3","0.6","","","0","0","0","0"
"AgastacheFoeniculum","KoreanMint","","","Lamiaceae","","","Agastache","","Perennial","D","8","1","1","3","SF","1","0.3","0.6","0.3","0.6","","","0","0","0","0"
"AlliumAmpeloprasumVar.Babingtonii","Babington'sLeek-PerennialLeek","","","Amaryllidaceae","Allioideae","","Allium","","Perennial","D","6","1","2","4","SF","1","0.45","1.5","0.45","1.5","","","0","0","0","0"
"AlliumCepaAggregatumGroup","MultiplierOnions","","","Amaryllidaceae","Allioideae","","Allium","","Perennial","D","5","1","2","3","SF","1","0.3","0.5","0.3","0.5","","","0","0","0","0"
"AlliumFistulosum","WelshOnion","","","Amaryllidaceae","Allioideae","","Allium","","Perennial","D","5","1","2","3","SF","1","0.3","0.5","0.3","0.5","","","0","0","0","0"
"AlliumCepaProliferumGroup","EgyptianOnion-TreeOnion","","","Amaryllidaceae","Allioideae","","Allium","","Perennial","D","4","1","2","4","SF","1","0.5","1","0.5","1","","","0","0","0","0"
"AlliumNeapolitanum","DaffodilGarlic","","","Amaryllidaceae","Allioideae","","Allium","","Perennial","D","7","1","2","4","SF","1","0.3","0.5","0.3","0.5","","","0","0","0","0"
"AlliumTuberosum","GarlicChives","","","Amaryllidaceae","Allioideae","","Allium","","Perennial","D","5","1","2","3","SF","1","0.3","0.5","0.3","0.5","","","0","0","0","0"
"AlliumUrsinum","Ramsons-WildGarlic","","","Amaryllidaceae","Allioideae","","Allium","","Perennial","D","4","2","4","4","SF","3","0.3","0.3","0.3","0.3","","","0","0","0","0"
"AlthaeaOfficinalis","MarshMallow","","","Malvaceae","","","Althaea","","Perennial","D","3","1","2","3","SF","2","1.2","2","1.2","2","","","0","0","0","0"
"AngelicaSylvestris","WildAngelica-WoodAngelica","","","Apiaceae","","","Angelica","","Perennial","D","5","1","3","3","SF","4","0.6","3","0.6","3","","","0","0","0","0"
"AquilegiaVulgaris","Columbine","","","Ranunculaceae","","","Aquilegia","","Perennial","D","4","2","3","3","SF","1","1","1","1","1","","","0","0","0","0"
"AsparagusOfficinalis","Asparagus","","","Asparagaceae","Asparagoideae","","Asparagus","","Perennial","D","4","1","1","2","M-F","1","1","1.5","1","1.5","","","0","0","0","0"
"AsphodelineLutea","YellowAsphodel-King'sSpear","","","Asphodelaceae","Asphodeloideae","","Asphodeline","","Perennial","D","6","1","2","2","SF","1","1.5","1.5","0.3","0.3","","","0","0","0","0"
"BetaVulgarsSubsp.Maritima","SeaBeet","","","Amaranthaceae","","","Beta","","Perennial","E","6","1","2","3","SF","2","0.9","0.9","0.3","0.3","","","0","0","0","0"
"BrassicaOleracae","PerennialBroccoli,Collards&Kale","","","Brassicaceae","","","Brassica","","Perennial","E","8","1","2","1","SF","2","0.6","1","0.6","1","","","0","0","0","0"
"BuniasOrientalis","TurkishRocket","","","Brassicaceae","","","Bunias","","Perennial","D-E","4","1","2","4","SF","2","0.8","0.8","0.3","0.3","","","0","0","0","0"
"BuniumBulbocastanum","PigNot","","","Apiaceae","","","Bunium","","Perennial","D","5","1","2","3","SF","3","0.6","0.8","0.6","0.8","","","0","0","0","0"
"Campanulaspp.","Bellflowers-Harebells","","","Campanulaceae","Campanuloideae","","Campanula","","Perennial","E","3-5","1","2","2","SF","2","0.3","0.3","0.2","0.2","","","0","0","0","0"
"CardaminePratensis","Lady'sSmock","","","Brassicaceae","","","Cardamine","","Perennial","E","4","2","3","2","SF","1","0.45","0.45","0.3","0.3","","","0","0","0","0"
"CentranthusRuber","RedValerian","","","Caprifoliaceae","","","Centranthus","","Perennial","E","7","1","2","3","SF","3","0.6","1","0.3","0.5","","","0","0","0","0"
"ChenopodiumBonus-Henricus","GoodKingHenry","","","Amaranthaceae","","","Blitum","","Perennial","D","5","1","3","4","SF","2","0.6","0.6","0.4","0.4","","","0","0","0","0"
"ChrysospleniumOppositifolium","GoldenSaxifrage","","","Saxifragaceae","","","Chrysosplenium","","Perennial","E","5","2","4","4","SF","3","0.15","0.15","0.15","0.15","","","0","0","0","0"
"CichoriumIntybus","Chicory","","","Asteraceae","","Cichorieae","Cichorium","","Perennial","D","3","1","2","3","SF","1","1.2","1.2","0.3","0.3","","","0","0","0","0"
"ClaytoniaSibirica","SiberianPurslane","","","Montiaceae","","","Claytonia","","Perennial","D-E","3","2","4","4","SF","3","0.2","0.3","0.2","0.3","","","0","0","0","0"
"CrambeMaritima","SeaKale","","","Brassicaceae","","","Crambe","","Perennial","D","4","1","2","2","SF","3","0.8","0.8","0.5","0.6","","","0","0","0","0"
"CryptotaeniaJaponica","Mitsuba-JapaneseParsley","","","Apiaceae","","","Cryptotaenia","","Perennial","D","8","1","2","3","SF","1","0.6","0.6","0.2","0.2","","","0","0","0","0"
"DuchesneaIndica","FalseStrawberry-MockStrawberry","","","Rosaceae","","","Potentilla","","Perennial","SE","6","2","4","4","SF","3","0.15","0.15","0.15","0.15","","","0","0","0","0"
"EpilobiumAngustifolium","RosebayWillowherb-Fireweed","","","Onagraceae","","","Chamaenerion","","Perennial","D","3","1","2","2","SF","3","1","2","1","2","","","0","0","0","0"
"FoeniculumVulgare","Fennel","","","Apiaceae","","","Foeniculum","","Perennial","D","5","1","2","4","SF","1","1","1.5","0.4","0.4","","","0","0","0","0"
"GaliumOdoratum","SweetWoodruff","","","Rubiaceae","","","Galium","","Perennial","D","4","1","4","2","SF","3","0.2","0.2","0.2","0.2","","","0","0","0","0"
"GlechomaHederacea","GroundIvy-Aleroot","","","Lamiaceae","","","Glechoma","","Perennial","D","6","2","3","3","SF","3","0.6","0.6","0.6","0.6","","","0","0","0","0"
"Hostaspp.","Hostas","","","Asparagaceae","Agavoideae","","Hosta","","Perennial","D","4","2","4","3","SF","3","0.3","1","0.3","1","","","0","0","0","0"
"LevisticumOfficinale","Lovage","","","Apiaceae","Apioideae","","Levisticum","","Perennial","D","4","1","2","3","SF","1","1.5","2","0.4","0.4","","","0","0","0","0"
"Malvaspp.","Mallows","","","Malvaceae","Malvoideae","Malveae","Malva","","Perennial","D","4","1","3","3","SF","1","0.6","1","0.2","3","","","0","0","0","0"
"MatteucciaStruthiopteris","OstrichFern","","","Onocleaceae","","","Matteuccia","","Perennial","D","2","2","4","2","SF","3","1.5","1.5","0.6","0.6","","","0","0","0","0"
"MelissaOfficinalis","LemonBalm","","","Lamiaceae","","","Melissa","","Perennial","D","4","1","3","3","SF","3","0.6","0.8","0.4","0.4","","","0","0","0","0"
"MenthaAquatica","WaterMint","","","Lamiaceae","","","Mentha","","Perennial","D","6","1","2","3","SF","1","0.6","0.6","0.6","0.6","","","0","0","0","0"
"MenthaBowle'sMint","Bowles'sMint","","","Lamiaceae","","","Mentha","","Perennial","D","5","1","4","4","SF","1","0.9","1.2","0.9","1.2","","","0","0","0","0"
"MenthaLongifolia","HorseMint","","","Lamiaceae","","","Mentha","","Perennial","D","6","1","3","4","SF","4","1.5","1.5","1.5","1.5","","","0","0","0","0"
"MenthaXPiperita","Peppermint","","","Lamiaceae","","","Mentha","","Perennial","D","3","1","2","2","SF","1","0.6","0.6","0.6","0.6","","","0","0","0","0"
"MenthaSpicata","Spearmint","","","Lamiaceae","","","Mentha","","Perennial","D","3","1","2","3","SF","2","0.8","1","0.8","1","","","0","0","0","0"
"MenthaSuaveolens","AppleMint","","","Lamiaceae","","","Mentha","","Perennial","D-E","6","1","3","4","SF","4","0.6","0.9","0.6","0.9","","","0","0","0","0"
"MyrrhisOdorata","SweetCicely","","","Apiaceae","","","Myrrhis","","Perennial","D","5","2","3","4","SF","2","0.6","1","0.4","0.4","","","0","0","0","0"
"NasturtiumOfficinale","Watercress","","","Brassicaceae","","","Nasturtium","","Perennial","E","2","1","2","2","SF","2","0.3","0.3","0.3","0.3","","","0","0","0","0"
"OriganumVulgare","Oregano-PotMarjoram","","","Lamiaceae","","","Origanum","","Perennial","D","5","1","3","4","SF","3","0.45","0.6","0.3","0.4","","","0","0","0","0"
"OxalisAcetosella","WoodSorrel","","","Oxalidaceae","","","Oxalis","","Perennial","D","3","2","4","3","SF","2","0.2","0.2","0.2","0.2","","","0","0","0","0"
"OxalisOregana","RedwoodSorrel","","","Oxalidaceae","","","Oxalis","","Perennial","E","7","2","4","3","SF","3","0.2","0.2","0.2","0.2","","","0","0","0","0"
"OxyriaDigyna","MountainSorrel","","","Polygonaceae","","","Oxyria","","Perennial","D","2","1","2","4","SF","1","0.5","0.5","0.4","0.4","","","0","0","0","0"
"PeltariaAlliacea","GarlicCress","","","Brassicaceae","","","Peltaria","","Perennial","D","6","1","2","2","SF","1","0.3","0.3","0.3","0.3","","","0","0","0","0"
"PhytolaccaAmericana","PokeRoot-Pokeweed-Poke","","","Phytolaccaceae","","","Phytolacca","","Perennial","D","4","1","3","4","SF","3","2","4","0.6","0.6","","","0","0","0","0"
"Plantagospp.","Plantains","","","Plantaginaceae","","Plantagineae","Plantago","","Perennial","D","5","1","3","4","SF","1","0.45","0.45","0.35","0.35","","","0","0","0","0"
"Polygonatumspp.","Solomon'sSeals","","","Asparagaceae","Nolinoideae","","Polygonatum","","Perennial","D","3-6","2","4","4","SF","2-3","0.6","2","0.2","0.3","","","0","0","0","0"
"ReichardiaPicroides","FrenchScorzonera","","","Asteraceae","Cichorioideae","Cichorieae","Reichardia","","Perennial","D","8-9","1","2","1","SF","1","0.8","0.8","0.25","0.25","","","0","0","0","0"
"Rumexspp.","Sorrels","","","Polygonaceae","Polygonoideae","","Rumex","","Perennial","D","5","1","2","3","SF","1","0.4","0.4","0.3","0.3","","","0","0","0","0"
"SanguisorbaMinor","SaladBurnet","","","Rosaceae","","","Sanguisorba","","Perennial","D","5","1","2","2","SF","1","0.5","0.5","0.3","0.3","","","0","0","0","0"
"ScorzoneraHispanica","Scorzonera","","","Asteraceae","","","Scorzonera","","Perennial","D","4","1","2","2","SF","1","1.3","1.3","0.25","0.25","","","0","0","0","0"
"Sedumspp.","IcePlant","S.Spectrabile","IcePlant","Crassulaceae","Sempervivoideae","Sedeae","Sedum","","Perennial","D","6","1","2","3","SF","3","0.45","0.45","0.45","0.45","","","0","0","0","0"
"Sedumspp.","IcePlant","S.Telephium","Orpine","Crassulaceae","Sempervivoideae","Sedeae","Sedum","","Perennial","D","6","1","2","3","SF","3","0.6","0.6","0.3","0.3","","","0","0","0","0"
"SmilacinaRacemosa","FalseSpikenard-falseSolomon'sSeal","","","Asparagaceae","Nolinoideae","","Maianthemum","","Perennial","D","4","2","4","3","SF","2","0.9","0.9","0.6","0.6","","","0","0","0","0"
"StellariaGraminea","LesserStitchwort","","","Caryophyllaceae","","","Stellaria","","Perennial","D","4","2","3","3","SF","2","0.5","0.5","0.5","0.5","","","0","0","0","0"
"TaraxacumOfficinale","Dandelion","","","Asteraceae","","Cichorieae","araxacum","","Perennial","D","5","1","2","3","SF","1","0.4","0.4","0.4","0.4","","","0","0","0","0"
"UrticaDioica","StingingNettle","","","Urticaceae","","","Urtica","","Perennial","D-E","4","1","3","4","SF","3","0.7","1","2","2","","","0","0","0","0"
"Violaspp.","Violets","","","Violaceae","Violoideae","Violeae","Viola","","Perennial","D-E","4-8","2","3","2","SF","2-3","0.15","0.2","0.25","0.3","","","0","0","0","0"
"ArmoraciaRusticana","Horseradish","","","Brassicaceae","","","Armoracia","","Perennial","D","5","1","2","3","SF","3","0.6","1","0.6","1","","","0","0","0","0"
"CamassiaQuamash","Quamash","","","Asparagaceae","Agavoideae","","","","Perennial","D","4","1","2","1","SF","1","0.8","0.8","0.2","0.2","","","0","0","0","0"
"CynaraCardunculus","Cardoon&C","","","Asteraceae","","Cynareae","Cynara","","Perennial","E","7","1","2","2","SF","3","0.8","2.1","0.5","1","","","0","0","0","0"
"FilipendulaUlmaria","Meadowsweet","","","Rosaceae","","","Filipendula","","Perennial","D","2","1","3","3","SF","2","1","1","0.6","0.6","","","0","0","0","0"
"GlycyrrhizaEchinata&G.Glabra","Russian&CommonLiquorice","","","Fabaceae","","","Glycyrrhiza","","Perennial","D","6","1","2","3","SF","1","1.5","1.5","1.5","1.5","","","0","0","0","0"
"HelianthusTuberrosus","JerusalemArtichoke-Sunchoke","","","Asteraceae","Asteroideae","Heliantheae","Helianthus","","Perennial","D","2","1","2","3","SF","1","2","3","0.4","0.4","","","0","0","0","0"
"Hemerocallisspp.","DayLilies","","","Asphodelaceae","Hemerocallidoideae","","Hemerocallis","","Perennial","D-E","4","1","2","3","SF","2-3","0.45","0.6","0.3","0.45","","","0","0","0","0"
"PetasitesJaponicus","GiantButterbur-Fuki-SweetColtsfoot","","","Asteraceae","","","Petasites","","Perennial","D","4","2","4","4","SF","3","1.1","1.1","1.5","1.5","","","0","0","0","0"
"PotentillaAnserina","Silverweed","","","Rosaceae","","","Argentina","","Perennial","D","5","1","2","3","SF","3","0.3","0.3","0.3","0.3","","","0","0","0","0"
"PrimulaVulgaris","Primrose","","","Primulaceae","","","Primula","","Perennial","D","6","2","4","3","SF","2","0.2","0.2","0.3","0.3","","","0","0","0","0"
"Rheumspp","Rhubarbs","","","Polygonaceae","Polygonoideae","","Rheum","","Perennial","D","3-6","1","33","4","SF","4","1","2.5","1","1.5","","","0","0","0","0"
"SiumSisarum","Skirret","","","Apiaceae","","","Sium","","Perennial","D","4","1","2","3","SF","1","1.2","1.2","0.3","0.3","","","0","0","0","0"
"StachysAffinis","ChineseArtichoke","","","Lamiaceae","","","Stachys","","Perennial","D","5","1","2","2","SF","1","0.45","0.45","0.45","0.45","","","0","0","0","0"
"EchinaceaAngustifolia&E.urpurea","Coneflowers","","","Asteraceae","","","Echinacea","","Perennial","D","3","1","2","2","SF","1","1.2","1.2","0.45","0.45","","","0","0","0","0"
"HydrastisCanadensis","Goldenseal","","","Ranunculaceae","Hydrastidoideae","","Hydrastis","","Perennial","D","3","2","4","2","SF","1","0.5","0.5","0.3","0.3","","","0","0","0","0"
"HypericumPerforatum","StJohn'sWort","","","Hypericaceae","","","Hypericum","","Perennial","D","3","1","3","3","SF","1","1","1","0.3","0.3","","","0","0","0","0"
"PanaxGinseng","Ginseng","","","Araliaceae","","","Panax","","Perennial","D","6","2","4","1","SF","1","0.3","0.5","0.3","0.3","","","0","0","0","0"
"SolidagoCanadensis&S.Viraurea","Goldenrods","","","Asteraceae","","","Solidago","","Perennial","D","5","1","2","3","SF","3","1","2","1","2","","","0","0","0","0"
"TanacetumParthenium","Feverfew","","","Asteraceae","","","Tanacetum","","Perennial","D","5","1","2","3","SF","2","0.6","0.6","0.25","0.25","","","0","0","0","0"
"AstragalusGlycyphyllos","MilkVetch","","","Fabaceae","","","Astragalus","","Perennial","D","5","1","2","3","SF","1","1","1","1","1","","","0","0","0","0"
"LotusCorniculatus","Bird'sFootTrefoil","","","Fabaceae","","","Lotus","","Perennial","D","5","1","2","3","SF","3","0.4","0.4","0.6","0.6","","","0","0","0","0"
"LotusUliginosus","GreaterBird'sFootTrefoil","","","Fabaceae","","","Lotus","","Perennial","D","6","1","2","3","SF","3","0.8","0.8","0.8","0.8","","","0","0","0","0"
"LupinusPerennis","WildLupin","","","Fabaceae","","","Lupinus","","Perennial","D","4","1","2","4","SF","3","0.7","0.7","0.7","0.7","","","0","0","0","0"
"PulmonariaOfficinalis","Lungwort","","","Boraginaceae","","","Pulmonaria","","Perennial","E","6","2","4","4","SF","3","0.25","0.25","0.3","0.45","","","0","0","0","0"
"Symphytumspp.","Comfreys","S.Ibericum","DwarfComfrey","Boraginaceae","Boraginoideae","","Symphytum","","Perennial","D-E","5","1","3","4","SF","4","0.4","0.4","0.4","0.4","","","0","0","0","0"
"Symphytumspp.","Comfreys","S.Officinale","MedicinalComfrey","Boraginaceae","Boraginoideae","","Symphytum","","Perennial","D-E","5","1","3","4","SF","4","1.2","1.5","0.6","1","","","0","0","0","0"
"Symphytumspp.","Comfreys","S.Orientale","WhiteComfrey","Boraginaceae","Boraginoideae","","Symphytum","","Perennial","D-E","5","1","3","4","SF","4","0.9","0.9","0.5","0.5","","","0","0","0","0"
"Symphytumspp.","Comfreys","S.Tuberosum","TubverousComfrey","Boraginaceae","Boraginoideae","","Symphytum","","Perennial","D-E","5","1","3","4","SF","4","0.4","0.6","0.4","0.6","","","0","0","0","0"
"Symphytumspp.","Comfreys","S.XUplandicum","RussianorQuakerComfrey","Boraginaceae","Boraginoideae","","Symphytum","","Perennial","D-E","5","1","3","4","SF","4","2","2","1","1","","","0","0","0","0"
"Wisteriaspp.","Wisterias","","","Fabaceae","Faboideae","Millettieae","Wisteria","Vertical","Perennial","D","4-6","1","2","3","SF","2","6","10","0","0","","","0","0","0","0"
"Vitisspp.","Grapes","","","Vitaceae","","","Vitis","Vertical","Perennial","D","5","1","2","4","SF","2","30","0","0","0","May","","1","1","0","0"
"Schisandrachinensis","Magnoliavine","","","Schisandraceae","","","Schisandra","Vertical","Perennial","D","4","1","2","2","SS","0","7","0","0","0","April-May","","1","1","0","0"
"Parthenocissusquinquefolia","VirginiaCreeper","","","Vitaceae","","","Parthenocissus","Vertical","Perennial","D","3","1","4","3","SF","2","20","30","0","0","","","0","0","0","0"
"Parthenocissustricuspidata","BostonIvy","","","Vitaceae","","","Parthenocissus","Vertical","Perennial","D","3","1","4","3","SF","2","20","30","0","0","","","0","0","0","0"
"LoniceraPericlymenum","Honeysuckle-Woodbine","","","Ranunculaceae","","","Clematis","Vertical","Perennial","D","5","1","3","2","SF","0","3","6","0","0","","","0","0","0","0"
"ClematisVitalba","Oldman'sbeard-Traveller'sjoy","","","Ranunculaceae","","","Clematis","Vertical","Perennial","D","4","2","4","2","SF","0","10","0","10","0","","","0","0","0","0"
"Akebiaquinata","Chocolatevineakebia","","","Lardizabalaceae","","","Akebia","Vertical","Perennial","E","5","1","2","1","SS","2","5","10","0","0.4","Spring","September-October","1","1","0","0"
"Akebiatrifoliata","Three-leafakebia","","","Lardizabalaceae","","","Akebia","Vertical","Perennial","E","5","1","2","1","SS","2","5","10","0","0.4","Spring","September-October","1","1","0","0"
"Actinidiaarguta","Hardykiwi","","","Actinidiaceae","","","Actinidia","Vertical","Perennial","D","2-7","1","3","3","M-F","0","30","0","0","0","Latespring","September-November","1","1","0","0"
"Actinidiadeliciosa","Fuzzykiwi","","","Actinidiaceae","","","Actinidia","Vertical","Perennial","D","2-7","1","3","3","M-F","0","30","0","0","0","Latespring","September-November","1","1","0","0"
"Actinidiakolomikta","Hardykiwi","","","Actinidiaceae","","","Actinidia","Vertical","Perennial","D","2-7","1","3","3","M-F","0","30","0","0","0","Latespring","September-November","1","1","0","0"
"Viciasylvatica","Woodvetch","","","Fabaceae","","","Vicia","Vertical-Herbaceous","Perennial","D","3","1","2","3","SF","0","0","2","0","2","","","0","0","0","0"
"Tropaeolumtuberosum","Mashua","","","Tropaeolaceae","","","Tropaeolum","Vertical-Herbaceous","Perennial","D","8","1","2","1","SF","0","0","2","0","0.4","","","0","0","0","0"
"Passifloraincarnata","Maypop","","","Passifloraceae","","","Passiflora","Vertical-Herbaceous","Perennial","D","6","1","2","2","SF","0","0","5","0","0.4","Earlysummer","September-November","1","1","0","0"
"Lathyrustuberosus","Earthnutpea","","","Fabaceae","Faboideae","","Lathyrus","Vertical-Herbaceous","Perennial","D","6","1","2","1","SF","0","0","1.2","0","0.15","","","0","0","0","0"
"Lathyruslatifolius","Perennialsweetpeas","","","Fabaceae","Faboideae","","Lathyrus","Vertical-Herbaceous","Perennial","D","5","1","2","3","SF","0","1","3","0","0.15","","","0","0","0","0"
"Lathyrussylvestris","Narrow-leavedeverlasting-pea","","","Fabaceae","Faboideae","","Lathyrus","Vertical-Herbaceous","Perennial","D","5","1","2","3","SF","0","1","3","0","0.15","","","0","0","0","0"
"Humuluslupulus","Hop","","","Cannabaceae","","","Humulus","Vertical-Herbaceous","Perennial","D","5","1","3","4","M-F","0","0","6","0","0","","","0","0","0","0"
"Hablitziatamnoides","Caucasianspinach","","","Amaranthaceae","Betoideae","Hablitzieae","Hablitzia","Vertical-Herbaceous","Perennial","D","4","2","3","3","SF","0","3","0","0","0.3","","","0","0","0","0"
"Gynostemmapentaphyllum","Sweetteavine","","","Cucurbitaceae","","","Gynostemma","Vertical-Herbaceous","Perennial","D","7","2","4","4","M-F","1","3","0","0","0","","","0","0","0","0"
"Dioscoreaalata","Purpleyam","","","Dioscoreaceae","","","Dioscorea","Vertical-Herbaceous","Perennial","D","5","1","2","2","SF","0","4","0","0.3","0","","","0","0","0","0"
"Dioscoreabulbifera","Airpotato","","","Dioscoreaceae","","","Dioscorea","Vertical-Herbaceous","Perennial","D","5","1","2","2","SF","0","4","0","0.3","0","","","0","0","0","0"
"Apiosamericana","Groundnut","","","Fabaceae","Faboideae","Phaseoleae","Apios","Vertical-Herbaceous","Perennial","D","3","1","3","3","SF","0","2.5","0","0.3","0","","","0","0","0","0"
"Viciasativa","Vetch","","","Fabaceae","","","Vicia","Vertical-Herbaceous","Annual","E","5","1","2","3","SF","3","0","1.2","0","0","","","0","0","0","0"
"Ullucustuberosus","Ulluco","","","Basellaceae","","","Ullucus","Vertical-Herbaceous","Perennial","D","9","1","1","1","SF","0","0","0.3","0","0.3","","","0","0","0","0"
"Tropaeolummajus","Nasturtium","","","Tropaeolaceae","","","Tropaeolum","Vertical-Herbaceous","Annual","D","5","1","2","4","SF","2","0","3","0","0","","","0","0","0","0"
"Stellariamedia","Chickweed","","","Caryophyllaceae","","","Stellaria","Vertical?-Herbaceous","Annual","D","5","1","2","3","SF","1","0","0.4","0","0","","","0","0","0","0"
"Smyrniumolusatrum","Alexanders-Blacklovage","","","Apiaceae","","","Smyrnium","Herbaceous","Biennial","D","5","2","4","3","SF","2","0","1.5","0","0.8","","","0","0","0","0"
"Smallanthussonchifolius","Yacon","","","Asteraceae","","","Smallanthus","Herbaceous","Perennial","D","9","1","2","1","SF","2","1","2","0","0.4","","","0","0","0","0"
"Sisymbriumofficinale","Hedgemustard","","","Brassicaceae","","","Sisymbrium","Herbaceous","Annual","D","5","2","3","3","SF","1","0","0.9","0","0.3","","","0","0","0","0"
"Oxalistuberosa","Oca","","","Oxalidaceae","","","Oxalis","Herbaceous","Perennial","D","9","1","1","1","SF","2","0","0.3","0","0.3","","","0","0","0","0"
"Medicagolupulina","Blackmedick","","","Fabaceae","Faboideae","","Medicago","Herbaceous","Biennial","E","5","1","2","3","SF","2","0","0.3","0","0.2","","","0","0","0","0"
"Malvapusilla","Smallmallow","","","Malvaceae","","","Malva","Herbaceous","Annual","D","5","1","3","2","SF","1","0.5","0.8","0","0.3","","","0","0","0","0"
"Malvaverticillata","Chinessemallow","","","Malvaceae","","","Malva","Herbaceous","Annual","D","5","1","3","2","SF","1","0.5","0.8","0","0.3","","","0","0","0","0"
"Lunariaannua","Honesty","","","Brassicaceae","","","Lunaria","Herbaceous","Biennial","E","5","1","2","3","SF","1","0","0.6","0","0.3","","","0","0","0","0"
"Lathyrusodoratus","Sweetpea","","","Fabaceae","Faboideae","","Lathyrus","Herbaceous","Annual","D","9","1","2","3","SF","0","0","3","0","0","","","0","0","0","0"
"Claytoniaperfoliata","Winterpurslane-Miner'slettuce","","","Montiaceae","","","Claytonia","Herbaceous","Annual","E","4","1","3","3","SF","2","0","0.3","0","0.3","","","0","0","0","0"
"Cardamineflexuosa","Wavybittercress","","","Brassicaceae","","","Cardamine","Herbaceous","Annual","D","4","1","2","3","SF","0","0.3","0.45","0","0.2","","","0","0","0","0"
"Cardaminehirsuta","Hairybittercress","","","Brassicaceae","","","Cardamine","Herbaceous","Annual","D","4","1","2","3","SF","0","0.3","0.45","0","0.2","","","0","0","0","0"
"Campanularapunculus","Rampion","","","Campanulaceae","","","Campanula","Herbaceous","Biennial","D","4","1","3","3","SF","1","0.3","1","0.3","1","","","0","0","0","0"
"Calendulaofficinalis","Potmarigold","","","Asteraceae","Asteroideae","Calenduleae","Calendula","Herbaceous","Annual","D","6","1","3","4","SF","2","0.5","0.7","0","0.3","","","0","0","0","0"
"Betavulgarissubsp.Cicla","Spinachbeet-Swisschard","","","Chenopodiaceae","","","Beta","Herbaceous","Perennial","E","7","1","3","3","SF","2","0.6","1.5","0","0.4","","","0","0","0","0"
"Barbareaverna","Landcress","","","Brassicaceae","","","Barbarea","Herbaceous","Biennial","D","6","1","3","3","SF","0","0","0.6","0","0.3","","","0","0","0","0"
"Arctiumlappa","Greaterburdock","","","Asteraceae","","","Arctium","Herbaceous-Rhizosphere?","Biennial","D","3-5","1","3","3","SF","2","0","2","0","0","","","0","0","0","0"
"Arctiumminus","Lesserburdock","","","Asteraceae","","","Arctium","Herbaceous-Rhizosphere?","Biennial","D","3-5","1","3","3","SF","2","0","2","0","0","","","0","0","0","0"
"Amphicarpaeabracteata","Hogpeanut","","","Fabaceae","","","Amphicarpaea","Vertical","Annual","D","5","2","3","3","SF","1","0","1.5","0","0","","","0","0","0","0"
"Alliariapetiolata","Garlicmustard-Jack-by-the-hedge","","","Brassicaceae","","","Alliaria","Herbaceous","Biennial","D","5","2","3","3","SF","1","1","1.2","0","0.3","","","0","0","0","0"
"Waldsteiniaternata","Barrenstrawberry","","","Rosaceae","","","Waldsteinia","Herbaceous","Perennial","E","4","2","4","3","SF","2","0","0.1","0","0","","","0","0","0","0"
"Vincamajor","Lesserperiwinkle","","","Apocynaceae","","","Vinca","Herbaceous-Vertical","Perennial","E","7","2","5","4","SF","3","0.45","0.6","0","0","","","0","0","0","0"
"Vincaminor","Greaterperiwinkle","","","Apocynaceae","","","Vinca","Herbaceous-Vertical","Perennial","E","4","2","5","4","SF","3","0.25","0.4","0","0","","","0","0","0","0"
"Tiarellacordifolia","Foamflower","","","Saxifragaceae","","","Tiarella","Herbaceous","Perennial","D","3","2","4","2","SF","2","0","0.3","0","0","","","0","0","0","0"
"Saponariaofficinalis","Soapwort","","","Caryophyllaceae","","","Saponaria","Herbaceous","Perennial","D","4","1","2","3","SF","1","0","0.6","0","0","","","0","0","0","0"
"Sanguinariacanadensis","Bloodroot","","","Papaveraceae","","","Sanguinaria","Herbaceous","Perennial","D","3","2","4","2","SF","2","0.2","0.5","0","0.3","","","0","0","0","0"
"Mitchellarepens","Partridgeberry","","","Rubiaceae","","","Mitchella","Herbaceous-vertical","Perennial","E","4","2","4","2","SF","2","0","0.05","0","0","","","0","0","0","0"
"Lysimachianummularia","Creepingjenny","","","Primulaceae","","","Lysimachia","Herbaceous","Perennial","D","4","2","3","2","SF","2","0","0.05","0","0","","","0","0","0","0"
"Heuchera","Alumroot-Coralflowers","","","Saxifragaceae","","","Heuchera","Herbaceous","Perennial","E","5","2","4","3","SF","2","0.45","1","0.3","0.4","","","0","0","0","0"
"Geraniummacrorrhizum","Rockcranesbill","","","Geraniaceae","","","Geranium","Herbaceous","Perennial","D","3","2","4","2","SF","2","0","0.3","0","0","","","0","0","0","0"
"Galaxurceolata","Wandflower","","","Diapensiaceae","","","Galax","Herbaceous","Perennial","E","4","2","4","2","SF","2","0","0.25","0","0","","","0","0","0","0"
"Chrysogonumvirginianum","Goldenstar","","","Asteraceae","","","Chrysogonum","Herbaceous","Perennial","SE","5","2","3","4","SF","2","0","0.1","0","0","","","0","0","0","0"
"Asarumeuropaeum","Asarabacca","","","Aristolochiaceae","","","Asarum","Herbaceous","Perennial","E","4","3","5","3","SF","2","0","0.3","0","0","","","0","0","0","0"
"Asarumcanadense","Wildginger","","","Aristolochiaceae","","","Asarum","Herbaceous","Perennial","D","2","3","5","3","SF","2","0","0.3","0","0","","","0","0","0","0"
"Alchemillamollis","Lady'smantle","","","Rosaceae","","","Alchemilla","Herbaceous","Perennial","D","5","2","4","3","SF","2","0.3","0.5","0","0","","","0","0","0","0"
"Ajugareptans","Bugle","","","Lamiaceae","","","Ajuga","Herbaceous","Perennial","E","6","1","4","2","SF","2","0.1","0.3","0","0","","","0","0","0","0"
"Acanthusmollis","Bear'sbreech","","","Acanthaceae","","","Acanthus","Herbaceous","Perennial","D","6","1","3","2","SF","2","1","1.5","0.6","0.9","","","0","0","0","0"
"Valerianaofficinalis","Valerian","","","Valerianaceae","","","Valeriana","Herbaceous","Perennial","D","4","1","2","3","SF","1","1.2","2","0.4","0.8","","","0","0","0","0"
"Trifoliumrepens","Whiteclover","","","Fabaceae","","","Trifolium","Herbaceous-Vertical","Perennial","D","4","1","3","3","SF","2","0.1","0.2","0","0","","","0","0","0","0"
"Trifoliumpratense","Redclover","","","Fabaceae","Faboideae","Trifolieae","Trifolium","Herbaceous","Biennial-Perennial","D","6","1","2","3","SF","2","0","0.6","0","0","","","0","0","0","0"
